{
  "emps": [
    {
      "empno": 10,
      "ename": "Ananya",
      "job": "Full Stack Engineer",
      "sal": 1500000,
      "deptno": 101
    },
    {
      "empno": 20,
      "ename": "Ishanaa",
      "sal": 1000000,
      "deptno": 102
    },
    {
      "empno": 30,
      "ename": "Kashivi",
      "job": "Data Analyst",
      "sal": 1300000,
      "deptno": 103
    },
    {
      "empno": 40,
      "ename": "Navya",
      "job": "Data Analyst",
      "sal": 1200000,
      "deptno": 104
    }
  ]
}